{"cameraMode":{"drawMode":0,"name":"Shaded","section":"Shading Mode"},"sceneLighting":false,"audioPlay":false,"sceneViewState":{"showFog":true,"showMaterialUpdate":false,"showSkybox":true,"showFlares":true,"showImageEffects":true,"showParticleSystems":true},"in2DMode":false,"pivot":{"x":0.2990143299102783,"y":5.3285813331604,"z":-5.362092018127441},"rotation":{"x":-0.041087232530117038,"y":0.5565093755722046,"z":-0.027569742873311044,"w":-0.8293667435646057},"size":10.969079971313477,"orthographic":false}