{"cameraMode":{"drawMode":0,"name":"Shaded","section":"Shading Mode"},"sceneLighting":false,"audioPlay":false,"sceneViewState":{"showFog":true,"showMaterialUpdate":false,"showSkybox":true,"showFlares":true,"showImageEffects":true,"showParticleSystems":true},"in2DMode":false,"pivot":{"x":-0.017614006996154786,"y":1.742226004600525,"z":-6.255417823791504},"rotation":{"x":-0.05944237485527992,"y":0.1313798427581787,"z":-0.007892290130257607,"w":-0.9895169138908386},"size":9.473987579345704,"orthographic":false}