{"cameraMode":{"drawMode":0,"name":"Shaded","section":"Shading Mode"},"sceneLighting":false,"audioPlay":false,"sceneViewState":{"showFog":true,"showMaterialUpdate":false,"showSkybox":true,"showFlares":true,"showImageEffects":true,"showParticleSystems":true},"in2DMode":false,"pivot":{"x":0.0,"y":-0.690000057220459,"z":-14.047431945800782},"rotation":{"x":0.040652189403772357,"y":0.42776766419410708,"z":-0.01926255226135254,"w":0.9027686715126038},"size":5.27682638168335,"orthographic":false}