{"cameraMode":{"drawMode":0,"name":"Shaded","section":"Shading Mode"},"sceneLighting":false,"audioPlay":false,"sceneViewState":{"showFog":true,"showMaterialUpdate":false,"showSkybox":true,"showFlares":true,"showImageEffects":true,"showParticleSystems":true},"in2DMode":false,"pivot":{"x":4.87913703918457,"y":4.619806289672852,"z":-1.2672576904296876},"rotation":{"x":0.015607376582920552,"y":-0.4980125427246094,"z":0.008965191431343556,"w":0.8669829964637756},"size":24.152406692504884,"orthographic":false}