{"cameraMode":{"drawMode":0,"name":"Shaded","section":"Shading Mode"},"sceneLighting":false,"audioPlay":false,"sceneViewState":{"showFog":true,"showMaterialUpdate":false,"showSkybox":true,"showFlares":true,"showImageEffects":true,"showParticleSystems":true},"in2DMode":false,"pivot":{"x":-3.5211825370788576,"y":3.630251884460449,"z":-8.45622444152832},"rotation":{"x":-0.041087232530117038,"y":0.5565093755722046,"z":-0.027569742873311044,"w":-0.8293667435646057},"size":6.75749397277832,"orthographic":false}