{"cameraMode":{"drawMode":0,"name":"Shaded","section":"Shading Mode"},"sceneLighting":false,"audioPlay":false,"sceneViewState":{"showFog":true,"showMaterialUpdate":false,"showSkybox":true,"showFlares":true,"showImageEffects":true,"showParticleSystems":true},"in2DMode":false,"pivot":{"x":0.047340989112854007,"y":7.294768333435059,"z":-12.940021514892579},"rotation":{"x":0.03895139694213867,"y":0.772071123123169,"z":0.04754234477877617,"w":-0.6325573325157166},"size":7.824213981628418,"orthographic":false}