{"cameraMode":{"drawMode":0,"name":"Shaded","section":"Shading Mode"},"sceneLighting":false,"audioPlay":false,"sceneViewState":{"showFog":true,"showMaterialUpdate":false,"showSkybox":true,"showFlares":true,"showImageEffects":true,"showParticleSystems":true},"in2DMode":false,"pivot":{"x":-5.039891242980957,"y":-1.2502155303955079,"z":1.3839566707611085},"rotation":{"x":-0.041087232530117038,"y":0.5565093755722046,"z":-0.027569742873311044,"w":-0.8293667435646057},"size":52.781044006347659,"orthographic":false}